{ 
	"kz": 20.,
	"ωx": 1.483952,
	"ωc": 1.483952,
	"Ωr": 3e-3,
     	"γx": 6.582119272010504e-7,
        "γc": 0.0001316423854402101,
        "kpx": 0.89,
        "kpy": 0.,
        "ωp": 1.48283,
	"gv": .5,
	"nkx": 512,
	"nky": 512
}
