{ 
	"kz": 20.0,
	"ωx": 1.48526,
	"ωc": 1.48426,
	"Ωr": 2.65e-3,
     	"γx": 6.582e-7,
        "γc": 1.316e-4,
        "kpx": 0.89,
        "kpy": 0.0,
	"gv": 0.5
}
