{ 
	"kz": 20.0,
	"ωx": 1.483952,
	"ωc": 1.483952,
	"Ωr": 3e-3,
     	"γx": 6.582e-7,
        "γc": 1.316e-4,
        "kpx": 0.89,
        "kpy": 0.0,
        "ωpev": 1.48283,
	"gv": 0.5
}
